<?xml version="1.0" encoding="UTF-8" standalone="yes"?>
<addon id="plugin.video.britishingbulldog2" name="britishbulldog2" version="0.0.1" provider-name="Me">
	<requires>
		<import addon="xbmc.python" version="2.19.0" />
        <import addon="script.module.python.koding.aio" version="0.0.1"/>
	</requires>
	<extension point="xbmc.python.pluginsource" library="default.py">
		<provides>audio image executable video</provides>
	</extension>
	<extension point="xbmc.addon.metadata">
		<summary lang="en">Quick one liner about the add-onfree addon for movies and live tv link</summary>
		<description lang="en">please note none onf the content is hosted by myself . the links are found all over the internet</description>
		<platform>all</platform>
		<forum>http://www.noobsandnerds.com/support</forum>
		<website>www.noobsandnerds.com</website>
		<news></news>
		<genre>adult,livetv,movies,music,sports,tvshows,filipino,uk,usa,vietnamese</genre>
		<video_guide></video_guide>
		<video_preview></video_preview>
	</extension>
</addon>
